{
  "Cities": [
    689487,
    703448,
    710425
  ],
  "Lat": 50.38135,
  "Lon": 30.37952
}
